{"schemaVersion":"1.0","appDefinitionTemplate":{"id":"/providers/Microsoft.PowerApps/apps/","type":"Microsoft.PowerApps/apps","tags":{"primaryDeviceWidth":"640","primaryDeviceHeight":"1136","sienaVersion":"20201212T104209Z-3.20114.22.0","deviceCapabilities":"","supportsPortrait":"true","supportsLandscape":"false","primaryFormFactor":"Phone","publisherVersion":"3.20114.22","minimumRequiredApiVersion":"2.2.0","hasComponent":"false","hasUnlockedComponent":"false","isUnifiedRootApp":"false"},"properties":{"appVersion":"2020-12-12T10:42:09Z","lifeCycleId":"Published","createdByClientVersion":{"major":3,"minor":20114,"build":22,"revision":0,"majorRevision":0,"minorRevision":0},"minClientVersion":{"major":3,"minor":20114,"build":22,"revision":0,"majorRevision":0,"minorRevision":0},"backgroundColor":"rgba(0, 176, 240, 1)","backgroundImageUri":"/7359567541892638382/Nded56e8f-359f-4f71-9954-c6e81c776344-logoSmallFile","displayName":"COVIDCare","description":"","commitMessage":"","appUris":{"documentUri":{"value":"/7359567541892638382/N2d9d7825-a08f-4466-8df3-018bfc9753a2-document.msapp"},"imageUris":[]},"createdTime":"0001-01-01T00:00:00Z","lastModifiedTime":"0001-01-01T00:00:00Z","sharedGroupsCount":0,"sharedUsersCount":0,"icons":{"smallIconUri":"/7359567541892638382/N0db77cb5-2c84-4a1c-aa61-327c455c638d-small.png","mediumIconUri":"/7359567541892638382/N371cdc62-17dc-49ef-a9b0-29654d023f16-medium.png","largeIconUri":"/7359567541892638382/N5e6c1ab1-6aa8-428b-a73f-42d1b52b3aaa-large.png","wideIconUri":"/7359567541892638382/N77b6ca18-0f7b-49b1-b48d-a29aa10ed40d-wide.png"},"connectionReferences":{"f21cdb23-2649-4196-b6eb-513ddbec607a":{"id":"ebf122e5-ccf5-44d5-99d8-b2b528eaa09b","displayName":"Excel","iconUri":"https://connectoricons-prod.azureedge.net/releases/v1.0.1411/1.0.1411.2207/excel/icon.png","dataSources":["Table1_1"],"dependencies":["c417a6f1-90e4-4391-b004-b10537607da8"],"dependents":[],"parameterHints":{"c417a6f1-90e4-4391-b004-b10537607da8":{"value":"fileSource"}},"isOnPremiseConnection":false,"dataSets":{"b!qiCVAHDGQ06V0IzH7z342hVE1bS3TNpEr3FjtToMILJiz_L6VhbqTrdmhm4219-X.01KKGRQSCIQK3B7SCIEZG2NRLFUJGXM2T3":{"dataSources":{"Table1_1":{"tableName":"Table1"}}}},"apiTier":"Standard","isCustomApiConnection":false},"c417a6f1-90e4-4391-b004-b10537607da8":{"id":"6922c416-32b6-49e7-848c-47613c12bcf9","displayName":"OneDrive for Business","iconUri":"https://connectoricons-prod.azureedge.net/releases/v1.0.1407/1.0.1407.2182/onedriveforbusiness/icon.png","dataSources":[],"dependencies":[],"dependents":["f21cdb23-2649-4196-b6eb-513ddbec607a"],"parameterHints":{},"isOnPremiseConnection":false,"dataSets":{},"apiTier":"Standard","isCustomApiConnection":false},"f89d65e9-8c96-4b9e-8833-23b6486f3064":{"id":"d9cf25d1-9fe4-4fa4-a7f1-1613689be53d","displayName":"Twitter","iconUri":"https://connectoricons-prod.azureedge.net/releases/v1.0.1417/1.0.1417.2237/twitter/icon.png","dataSources":["Twitter"],"dependencies":[],"dependents":[],"parameterHints":{},"isOnPremiseConnection":false,"dataSets":{},"apiTier":"Standard","isCustomApiConnection":false,"actions":["UserTimeline"]}},"databaseReferences":{},"almMode":"Environment","performanceOptimizationEnabled":true,"canConsumeAppPass":true,"executionRestrictions":{"isTeamsOnly":false,"dataLossPreventionEvaluationResult":{"status":"Compliant","lastEvaluationDate":"2020-12-12T10:42:19.4360341Z","violationDetails":[]}}},"isAppComponentLibrary":false,"appType":"ClassicCanvasApp","appComponents":[]}}